Brand,Characteristics,Price,Image
lenovo :  ,(39 670 сом),"Ноутбук Intel Core i3 1115G4, 8 ГБ, 256 Гб, 14"", 1920x1080, Intel UHD Graphics G1, noOS",//images.wbstatic.net/c246x328/new/26340000/26344614-1.jpg
Acer :  ,(43 209 сом),"Ноутбук AMD Ryzen 5 3500U, 4 ГБ, 512 Гб, 15.6"", 1920x1080, AMD Radeon Vega 8, Windows",//images.wbstatic.net/c246x328/new/23130000/23135177-1.jpg
lenovo :  ,(30 123 сом),"Ноутбук Celeron, 4 ГБ, 256 Гб, 15,6"", 1920 x 1080",//images.wbstatic.net/c246x328/new/36090000/36096774-1.jpg
Asus :  ,(38 328 сом),"Ноутбук AMD Ryzen 3 3250U, 4 ГБ, 256 Гб, 15.6 "", 1920 x 1080, AMD Radeon Graphics, Windows 10 Home",//images.wbstatic.net/c246x328/new/30490000/30494935-1.jpg
Acer :  ,(26 685 сом),"Ноутбук Intel Pentium Silver N5030, 4 ГБ, 256 Гб, 15.6"", 1920 x 1080, Intel UHD Graphics 605, Linux",//images.wbstatic.net/c246x328/new/17820000/17823505-1.jpg
Honor :  ,(183 215 сом),"Ноутбук Intel Core i7 10750H, 16 ГБ, 512 Гб, 16.1"", 1920x1080, NVIDIA GeForce RTX 2060, Windows",//images.wbstatic.net/c246x328/new/17280000/17282827-1.jpg
Acer :  ,(38 633 сом),"Ноутбук AMD Athlon Silver 3050U, 8 ГБ, 1 TB, 256 Гб, 15.6"", 1920 x 1080, AMD Radeon R3, DOS",//images.wbstatic.net/c246x328/new/34930000/34938463-1.jpg
lenovo :  ,(33 049 сом),"Ноутбук AMD Athlon 300U, 8 GB, 256 Гб, 15,6"", 1920x1080 (Full HD), AMD Radeon Vega 3",//images.wbstatic.net/c246x328/new/29610000/29612473-1.jpg
lenovo :  ,(31 043 сом),"Ноутбук AMD Athlon 300U, 4 ГБ, 128 Гб, 15.6'', 1920x1080, AMD Radeon Vega 3, DOS",//images.wbstatic.net/c246x328/new/11130000/11132258-1.jpg
Honor :  ,(57 247 сом),"Ноутбук Intel Core i3 10110U, 8 ГБ, 256 Гб, 14"", 1920 x 1080, Intel UHD Graphics, Windows 10 Home 64",//images.wbstatic.net/c246x328/new/29600000/29600233-1.jpg
lenovo :  ,(46 370 сом),"Ноутбук Intel Core i3-1115G4, 8 GB, 512 Гб, 14"", 1920x1080 (Full HD), Intel UHD Graphics, Windows 10",//images.wbstatic.net/c246x328/new/29610000/29612471-1.jpg
Asus :  ,(25 413 сом),"Ноутбук Intel Pentium N5030, 4 ГБ, 14"", 1920x1080, Intel UHD Graphics 600, DOS",//images.wbstatic.net/c246x328/new/25920000/25925048-1.jpg
Asus :  ,(33 713 сом),"Ноутбук Intel Pentium Gold 6805, 4 ГБ, 128 Гб, 15.6"", 1366 x 768, NVIDIA GeForce MX130, Windows 10 Home",//images.wbstatic.net/c246x328/new/36010000/36012130-1.jpg
lenovo :  ,(37 149 сом),"Ноутбук Intel Core i3 1005G1, 4ГБ, 1000 Гб, 128 Гб, 15.6 "", 1920х1080, Intel UHD Graphics, noOS",//images.wbstatic.net/c246x328/new/30400000/30403752-1.jpg
Honor :  ,(63 201 сом),"Ноутбук Intel Core i5-10210U, 8 ГБ, 512 Гб, 15"", 1920 x 1080, Intel UHD Graphics, Windows 10 Home 64",//images.wbstatic.net/c246x328/new/29600000/29605541-1.jpg
Asus :  ,(52 317 сом),"Ноутбук Intel Core i3-1005G1, 8, 256 Гб, 14"", 1920x1080, Intel UHD Graphics, Windows 10 Home",//images.wbstatic.net/c246x328/new/31210000/31214226-1.jpg
Asus :  ,(33 117 сом),"Ноутбук Intel Pentium Silver N5030, 4, 512 Гб, 14"", 1920x1080, Intel UHD Graphics 605, DOS",//images.wbstatic.net/c246x328/new/31210000/31214227-1.jpg
Huawei :  ,(72 935 сом),"Ноутбук Intel Core i5 10210U, 16 ГБ, 512 Гб, 15.6"", 1920x1080, Win10",//images.wbstatic.net/c246x328/new/27830000/27837791-1.jpg
MSI :  ,(52 795 сом),"Ноутбук AMD Ryzen 5 4500U, 8 ГБ, 256 Гб, 14'', 1920 x 1080, AMD Radeon Graphics, DOS",//images.wbstatic.net/c246x328/new/33010000/33018307-1.jpg
Honor :  ,(54 958 сом),"Ноутбук Intel Core i3-10110U, 8 ГБ, 256 Гб, 15.6 "", 1920 x 1080, Windos 10 Home",//images.wbstatic.net/c246x328/new/29680000/29680233-1.jpg
Asus :  ,(38 351 сом),"Ноутбук AMD A9 9425, 4 ГБ, 256 Гб, 17.3"", 1600x900, AMD Radeon R5, noOS", //static.wbstatic.net/i/blank.gif
lenovo :  ,(73 977 сом),"Ноутбук AMD Ryzen 5 4500U, 16 ГБ, 256 Гб, 15.6"", 1920x1080, AMD Radeon Vega 6, Windows", //static.wbstatic.net/i/blank.gif
lenovo :  ,(35 184 сом),"Ноутбук Intel Pentium Gold 7505, 8 ГБ, 256 Гб, 14"", 1920 x 1080, DOS", //static.wbstatic.net/i/blank.gif
Acer :  ,(45 490 сом),"Ноутбук Intel Core i3, 8 ГБ, 256 Гб, 15.6"", 1920 x 1080, GeForce MX330, Windows 10", //static.wbstatic.net/i/blank.gif
lenovo :  ,(49 461 сом),"Ноутбук AMD Ryzen 3 5300U, 8 ГБ, 512 Гб, 14"", 1920x1080, AMD Radeon, noOS", //static.wbstatic.net/i/blank.gif
Asus :  ,(33 224 сом),"Ноутбук Intel Pentium Silver N5030, 4 ГБ, 256 Гб, 15.6"", 1366 x 768, Intel UHD Graphics 605, Windows 10 Home", //static.wbstatic.net/i/blank.gif
Acer :  ,(65 652 сом),"Ноутбук AMD Ryzen 5 4500U, 12 ГБ, 512 Гб, 15.6"", 1920 x 1080 (FHD), Radeon Graphics, Windows 10 Home", //static.wbstatic.net/i/blank.gif
Honor :  ,(67 183 сом),"Ноутбук Intel Core i3 10110U, 8 ГБ, 256 Гб, 15"", 1920 x 1080, Intel UHD Graphics, Windows 10 Home 64", //static.wbstatic.net/i/blank.gif
Irbis :  ,(14 916 сом),"Ноутбук Z3735F, 2, 14"", 1366x768, Intel HD Graphics, Windows 10 Pro", //static.wbstatic.net/i/blank.gif
lenovo :  ,(28 285 сом),"Ноутбук Intel Celeron N4120, 4 ГБ, 1 TB, 15,6"", 1920 x 1080, UHD Graphics, DOS", //static.wbstatic.net/i/blank.gif
Echips :  ,(32 202 сом),"Ноутбук 8 ГБ, 15.6"", 1920x1080, Intel UHD Graphics 600, Windows 10 Pro", //static.wbstatic.net/i/blank.gif
Asus :  ,(95 772 сом),"Ноутбук Intel Core i5, 8, 512 Гб, 17.3"", 1920 x 1080, Windows 10 Home", //static.wbstatic.net/i/blank.gif
Asus :  ,(35 144 сом),"Ноутбук Intel Pentium N5030, 4 ГБ, 256 Гб, 15.6 "", 1366 x 768, Intel UHD Graphics 605, Windows 10 Home", //static.wbstatic.net/i/blank.gif
Irbis :  ,(14 821 сом),"Ноутбук Intel Atom Z3735F, 2 ГБ, 13.3'', 1920x1080, Intel HD Graphics, Windows", //static.wbstatic.net/i/blank.gif
DIGMA :  ,(16 020 сом),"Ноутбук Intel Celeron N3350Intel Celeron N3350, 4, 11.6"", 1920x1080, Windows 10", //static.wbstatic.net/i/blank.gif
Asus :  ,(39 153 сом),"Ноутбук Intel Pentium Gold 6805, 4 ГБ, 256 Гб, 15.6 "", 1366 x 768, NVIDIA GeForce MX130, Windows 10 Home", //static.wbstatic.net/i/blank.gif
Acer :  ,(84 378 сом),"Ноутбук AMD Ryzen 7 3750H, 8 ГБ, 1024 Гб, 15,6"", 1920x1080 FHD, NVIDIA GeForce GTX 1650, Windows", //static.wbstatic.net/i/blank.gif
Huawei :  ,(72 935 сом),"Ноутбук Intel Core i5 10210U, 16 ГБ, 512 Гб, 14"", 1920x1080, Windows 10", //static.wbstatic.net/i/blank.gif
Honor :  ,(53 734 сом),"Ноутбук Intel Core i3, 8 GB, 256 Гб, 14"", 1920 x 1080, Windows 10", //static.wbstatic.net/i/blank.gif
Evision :  ,(40 653 сом),"Ноутбук J 4115, 8 GB, 256 Гб, 15,6"", 1920 x 1080 (FHD), Windows 10 Pro", //static.wbstatic.net/i/blank.gif
Echips :  ,(36 746 сом),"Ноутбук 8 ГБ, 15.6"", 1920x1080, Intel UHD Graphics 600, Windows 10 Pro", //static.wbstatic.net/i/blank.gif
Asus :  ,(105 214 сом),"Ноутбук Intel Core i7, 16 ГБ, 512 GB, 15.6"", 1920 x 1080, Windows 10 Home", //static.wbstatic.net/i/blank.gif
lenovo :  ,(68 027 сом),"Ноутбук AMD Ryzen 7 5700U, 16 ГБ, 512 Гб, 14"", 1920 x 1080, AMD Radeon Graphics, DOS", //static.wbstatic.net/i/blank.gif
Acer :  ,(34 018 сом),"Ноутбук Intel Pentium N5030, 4 ГБ, 128 Гб, 15.6"", 1920 x 1080, Windows 10", //static.wbstatic.net/i/blank.gif
Asus :  ,(78 872 сом),"Ноутбук Intel Core i5 1135G7, 16 ГБ, 512 Гб, 13.3 "", 1920 x 1080, Intel Iris Xe Graphics, Windows 10 Home", //static.wbstatic.net/i/blank.gif
Acer :  ,(36 108 сом),"Ноутбук AMD Ryzen 3 3250U, 4 ГБ, 256 Гб, 15.6'', 1920x1080, AMD Radeon Vega 3, DOS", //static.wbstatic.net/i/blank.gif
lenovo :  ,(40 358 сом),"Ноутбук Intel Pentium Gold 7505, 8 ГБ, 256 Гб, 14"", 1920 x 1080, Windows 10", //static.wbstatic.net/i/blank.gif
lenovo :  ,(32 559 сом),"Ноутбук Intel Pentium N5030, 4 ГБ, 128 Гб, 14"", 1920 x 1080, Windows 10", //static.wbstatic.net/i/blank.gif
Asus :  ,(71 333 сом),"Ноутбук Intel Core i5 1135G7, 8 ГБ, 256 Гб, 14"", 1920х1080, Intel Iris Xe, Windows 10", //static.wbstatic.net/i/blank.gif
lenovo :  ,(90 514 сом),"Ноутбук Intel Core i7 1165G7, 16 ГБ, 512 Гб, 14"", 1920 x 1080, Intel Iris Xe Graphics, Windows 10 Home 64", //static.wbstatic.net/i/blank.gif
Asus :  ,(65 940 сом),"Ноутбук 8 ГБ, 14"", 1920 x 1080, Windows 10 Home", //static.wbstatic.net/i/blank.gif
Acer :  ,(74 685 сом),"Ноутбук AMD Ryzen 5 3550H, 8 ГБ, 1024 Гб, 15,6"", 1920x1080 FHD, NVIDIA GeForce GTX 1650, Windows", //static.wbstatic.net/i/blank.gif
Acer :  ,(60 041 сом),"Ноутбук Intel Core i7 1065G7, 8 ГБ, 1 Тб, 256 Гб, 15,6"", 1920 x 1080 (FHD), Intel Iris Plus Graphics, noOS", //static.wbstatic.net/i/blank.gif
Asus :  ,(52 666 сом),"Ноутбук AMD Ryzen 5 5500U, 8 ГБ, 256 Гб, 15.6"", 1920 x 1080, AMD Radeon Graphics, Windows 10 Home", //static.wbstatic.net/i/blank.gif
Asus :  ,(107 029 сом),"Ноутбук 16 ГБ, 13.3'', Windows 10 Home", //static.wbstatic.net/i/blank.gif
Asus :  ,(69 523 сом),"Ноутбук Intel Core i3 1115G4, 8 ГБ, 256 Гб, 14"", 1920 x 1080, Intel UHD Graphics, Windows 10 Home", //static.wbstatic.net/i/blank.gif
lenovo :  ,(37 092 сом),"Ноутбук Intel Celeron N4020, 4 ГБ, 128 Гб, 14"", 1920 x 1080, Windows 10", //static.wbstatic.net/i/blank.gif
lenovo :  ,(53 038 сом),"Ноутбук Intel Core i3, 1 Тб, 15.6"", 1920 x 1080, Windows 10 Home", //static.wbstatic.net/i/blank.gif
DIGMA :  ,(24 037 сом),"Ноутбук Intel Celeron N3350, 4, 15.6"", 1920х1080", //static.wbstatic.net/i/blank.gif
Echips :  ,(38 169 сом),"Ноутбук 8, 15.6'', 1920х1080, Intel UHD Graphics 600, Windows 10 Pro", //static.wbstatic.net/i/blank.gif
DIGMA :  ,(22 891 сом),"Ноутбук Intel Celeron N3350, 4, 15.6"", 1920x1080, Windows 10", //static.wbstatic.net/i/blank.gif
Honor :  ,(93 367 сом),"Ноутбук Intel Core i5 1135G7, 8 ГБ, 512 Гб, 14"", 1920 x 1080, Intel Iris Xe Graphics, Windows 10", //static.wbstatic.net/i/blank.gif
Acer :  ,(72 473 сом),"Ноутбук Intel Core i5 10300H, 8 ГБ, 256 Гб, 15,6"", 1920x1080 FHD, NVIDIA GeForce GTX 1650, Windows", //static.wbstatic.net/i/blank.gif
MSI :  ,(63 822 сом),"Ноутбук Intel Core i5 10210U, 8 ГБ, 512 Гб, 14'', 1920x1080, Intel UHD Graphics, DOS", //static.wbstatic.net/i/blank.gif
Asus :  ,(89 119 сом),"Ноутбук Intel Core i5 1135G7, 8 ГБ, 512 Гб, 13.3'', 1920x1080, Intel Iris Xe Graphics G7 80EUs, Windows 10 Home", //static.wbstatic.net/i/blank.gif
DIGMA :  ,(20 601 сом),"Ноутбук Intel Celeron N3350, 4, 14.1"", 1920x1080, Windows 10", //static.wbstatic.net/i/blank.gif
Acer :  ,(29 394 сом),"Ноутбук Intel Pentium N5030, 4 ГБ, 256 Гб, 15.6"", 1920 x 1080, noOS", //static.wbstatic.net/i/blank.gif
lenovo :  ,(43 927 сом),"Ноутбук AMD Ryzen 3 3200U, 8 ГБ, 256 Гб, 15.6"", 1366x768, AMD Radeon Vega 3, Windows 10 Home", //static.wbstatic.net/i/blank.gif
Acer :  ,(74 685 сом),"Ноутбук AMD Ryzen 7 3750H, 8 ГБ, 1024 Гб, 15,6"", 1920x1080 FHD, NVIDIA GeForce GTX 1650", //static.wbstatic.net/i/blank.gif
Asus :  ,(92 490 сом),"Ноутбук Intel Core i5 1135G7, 16 ГБ, 512 Гб, 13.3'', Intel Iris Xe Graphics, Windows 10 Home", //static.wbstatic.net/i/blank.gif
Acer :  ,(63 201 сом),"Ноутбук Intel Core i5, 12 ГБ, 512 Гб, 15.6"", 1920 x 1080, GeForce MX330, Windows 10", //static.wbstatic.net/i/blank.gif
Echips :  ,(33 941 сом),"Ноутбук 8 ГБ, 15.6"", 1920x1080, Intel UHD Graphics 600, Windows 10 Pro", //static.wbstatic.net/i/blank.gif
Acer :  ,(41 434 сом),"Ноутбук AMD Ryzen 3 3250U, 4 ГБ, 512 Гб, 15.6"", 1920x1080, AMD Radeon Vega 3, Windows", //static.wbstatic.net/i/blank.gif
Echips :  ,(46 086 сом),"Ноутбук Intel Core i5 5257U, 8 ГБ, 512 Гб, 15.6"", 1920х1080, Intel HD Graphics 6000, Windows", //static.wbstatic.net/i/blank.gif
Asus :  ,(69 043 сом),"Ноутбук Intel Core i3 1115G4, 8 ГБ, 256 Гб, 13.3'', 1920 x 1080, Intel Iris Xe Graphics, Windows", //static.wbstatic.net/i/blank.gif
Huawei :  ,(114 563 сом),"Ноутбук Intel Core i5 10210U, 16 ГБ, 512 Гб, 13"", 3000x2000, Windows 10 Домашняя 64", //static.wbstatic.net/i/blank.gif
lenovo :  ,(76 669 сом),"Ноутбук Ryzen 7 4700U, 16 ГБ, 512 Гб, 14"", 1920x1080 FHD, Radeon Graphics, Windows 10 Home", //static.wbstatic.net/i/blank.gif
lenovo :  ,(67 084 сом),"Ноутбук AMD Ryzen 7 4700U, 16 ГБ, 256 Гб, 14'', 1920x1080, AMD Radeon Graphics, DOS", //static.wbstatic.net/i/blank.gif
DIGMA :  ,(13 730 сом),"Ноутбук Intel Atom x5 Z8350, 2, 10.1, 1920х1200, Windows 11", //static.wbstatic.net/i/blank.gif
Echips :  ,(42 995 сом),"Ноутбук Intel Core i5 5257U, 8 ГБ, 256 Гб, 15.6"", 1920x1080, Intel HD Graphics 6000, Windows", //static.wbstatic.net/i/blank.gif
Acer :  ,(41 672 сом),"Ноутбук Intel Core i3 1005G1, 4 ГБ, 128 Гб, 15.6'', 1920x1080, Intel UHD Graphics, DOS", //static.wbstatic.net/i/blank.gif
Honor :  ,(103 054 сом),"Ноутбук Intel Core i7 1165G7, 16 ГБ, 512 Гб, 14"", 1920 x 1080, Intel Iris Xe Graphics, Windows 10", //static.wbstatic.net/i/blank.gif
Acer :  ,(35 598 сом),"Ноутбук Intel Celeron N4000, 4 ГБ, 256 Гб, 15.6"", 1920 x 1080, Windows 10", //static.wbstatic.net/i/blank.gif
Acer :  ,(75 633 сом),"Ноутбук Intel Core i7, 12 ГБ, 512 Гб, 15.6 "", 1920 x 1080 (FHD), GeForce MX330, Windows 10", //static.wbstatic.net/i/blank.gif
Asus :  ,(36 944 сом),"Ноутбук Intel Pentium Gold, 4 ГБ, 128 Гб, 15.6"", 1366x768, Windows 10 Home", //static.wbstatic.net/i/blank.gif
MSI :  ,(53 989 сом),"Ноутбук AMD Ryzen 5 4500U, 8Гб, 256 Гб, 15.6 "", 1920х1080, AMD Radeon, Free DOS", //static.wbstatic.net/i/blank.gif
Honor :  ,(125 643 сом),"Ноутбук Intel Core i5 1135G7, 16 ГБ, 512 Гб, 15"", 1920 x 1080, Intel Iris Xe Graphics, Windows 10", //static.wbstatic.net/i/blank.gif
MSI :  ,(81 793 сом),"Ноутбук Intel Core i5 1135G7, 8 ГБ, 512 Гб, 15.6, 1920 x 1080, NVIDIA GeForce MX 450, Windows 10 Home", //static.wbstatic.net/i/blank.gif
Xiaomi :  ,(1 923 сом),Ноутбук, //static.wbstatic.net/i/blank.gif
Asus :  ,(60 041 сом),"Ноутбук Intel Core i5 1035G1, 8 ГБ, 512 Гб, 14"", 1920 x 1080, Intel UHD Graphics, Windos 10 Home", //static.wbstatic.net/i/blank.gif
Asus :  ,(52 768 сом),"Ноутбук Intel Core i3, 8 GB, 256 Гб, 15.6"", 1920 x 1080, Windows 10 Home", //static.wbstatic.net/i/blank.gif
Asus :  ,(32 184 сом),"Ноутбук Ryzen 3, 4 GB, 128 GB, 15.6"", 1366x768, Windows 10 Home", //static.wbstatic.net/i/blank.gif
Acer :  ,(65 835 сом),"Ноутбук Intel Core i7, 8 ГБ, 512 Гб, 15.6 "", 1920 x 1080 (FHD), GeForce MX330, noOS", //static.wbstatic.net/i/blank.gif
Asus :  ,(124 584 сом),"Ноутбук Intel Core i7 8550U, 16 ГБ, 512 Гб, 13.3'', 1920x1080, Intel UHD Graphics 620, Windows", //static.wbstatic.net/i/blank.gif
Asus :  ,(52 463 сом),"Ноутбук Intel Core i3 1005G1, 8, 256 Гб, 14"", 1920x1080, Intel UHD Graphics, Windows 10 Home", //static.wbstatic.net/i/blank.gif
MSI :  ,(76 142 сом),"Ноутбук Intel Core i5 1135G7, 8 ГБ, 512 Гб, 14'', 1920x1080, Intel Iris Xe Graphics, Windows", //static.wbstatic.net/i/blank.gif
Dell :  ,(110 784 сом),"Ноутбук Intel Core i5 10210U, 8 ГБ, 512 Гб, 13.3'', 1920x1080, Intel UHD Graphics, Windows", //static.wbstatic.net/i/blank.gif
WiWU :  ,(1 304 сом),Ноутбук 13.3'', //static.wbstatic.net/i/blank.gif
Acer :  ,(59 310 сом),"Ноутбук Intel Core i5 1035G4, 8 ГБ, 512 Гб, 13.5"", 2256х1504, Intel Iris Plus Graphics, Linux", //static.wbstatic.net/i/blank.gif
Acer :  ,(52 239 сом),"Ноутбук Intel Core i3 10110U, 8 ГБ, 256 Гб, 14'', 1920x1080, Intel UHD Graphics, Windows", //static.wbstatic.net/i/blank.gif
lenovo :  ,(106 845 сом),"Ноутбук Intel Core i7 8565U, 8 ГБ, 512 Гб, 13.3'', 1920x1080, Intel UHD Graphics 620, Windows",//images.wbstatic.net/c246x328/new/12880000/12889604-1.jpg
Dell :  ,(191 462 сом),"Ноутбук Intel Core i7 1065G7, 16 ГБ, 512 Гб, 13.4'', 3840x2160, Intel Iris Plus Graphics, Windows",//images.wbstatic.net/c246x328/new/12780000/12783821-1.jpg
MSI :  ,(77 700 сом),"Ноутбук Intel Core i7 10510U, 8 ГБ, 512 Гб, 14'', 1920x1080, Intel UHD Graphics 620, Windows",//images.wbstatic.net/c246x328/new/14710000/14713410-1.jpg
lenovo :  ,(102 229 сом),"Ноутбук Intel Core i5 1135G7, 16 ГБ, 512 Гб, 14'', 1920x1080, Intel Iris Xe Graphics G7 80EUs, Windows",//images.wbstatic.net/c246x328/new/23460000/23469573-1.jpg
Acer :  ,(42 286 сом),"Ноутбук AMD Ryzen 3 3250U, 4 ГБ, 512 Гб, 15.6'', 1920x1080, AMD Radeon Graphics, DOS",//images.wbstatic.net/c246x328/new/17310000/17319029-1.jpg
lenovo :  ,(109 012 сом),"Ноутбук Intel Core i5 8265U, 8 ГБ, 512 Гб, 14'', 1920x1080, Intel UHD Graphics 620, Windows",//images.wbstatic.net/c246x328/new/9600000/9600822-1.jpg
lenovo :  ,(134 661 сом),"Ноутбук Intel Core i5 1035G4, 16 ГБ, 512 Гб, 14'', 1920x1080, Intel Iris Plus Graphics, Windows",//images.wbstatic.net/c246x328/new/11530000/11535559-1.jpg
lenovo :  ,(180 582 сом),"Ноутбук Intel Core i7 1065G7, 16 ГБ, 1024 Гб, 14'', 1920x1080, Intel Iris Plus Graphics, Windows",//images.wbstatic.net/c246x328/new/11570000/11574365-1.jpg
lenovo :  ,(169 291 сом),"Ноутбук Intel Core i7 8565U, 16 ГБ, 1024 Гб, 14'', 3840x2160, Intel UHD Graphics 620, Windows",//images.wbstatic.net/c246x328/new/11620000/11620893-1.jpg
lenovo :  ,(151 655 сом),"Ноутбук Intel Core i5 8265U, 8 ГБ, 512 Гб, 14'', 3840x2160, Intel UHD Graphics 620, Windows",//images.wbstatic.net/c246x328/new/11620000/11620991-1.jpg
Dell :  ,(158 057 сом),"Ноутбук Intel Core i7 1065G7, 16 ГБ, 512 Гб, 13.4'', 1920x1200, Intel Iris Plus Graphics, Windows",//images.wbstatic.net/c246x328/new/11830000/11834264-1.jpg
Acer :  ,(166 371 сом),"Ноутбук Intel Core i7 7700HQ, 16 ГБ, 1024 Гб, 15.6'', 1920x1080, NVIDIA GeForce GTX 1060, Windows",//images.wbstatic.net/c246x328/new/12100000/12105769-1.jpg
Dell :  ,(108 826 сом),"Ноутбук Intel Core i5 8265U, 8 ГБ, 512 Гб, 15.6'', 1920x1080, AMD Radeon Pro WX 2100, Windows",//images.wbstatic.net/c246x328/new/12120000/12124375-1.jpg
Acer :  ,(135 211 сом),"Ноутбук Intel Core i7 1065G7, 16 ГБ, 1024 Гб, 14'', 1920x1080, Intel Iris Plus Graphics, Windows",//images.wbstatic.net/c246x328/new/12120000/12124391-1.jpg
Acer :  ,(98 125 сом),"Ноутбук Intel Core i5 8265U, 8 ГБ, 256 Гб, 14'', 1920x1080, Intel UHD Graphics 620, Windows",//images.wbstatic.net/c246x328/new/12120000/12124394-1.jpg
Acer :  ,(82 224 сом),"Ноутбук Intel Core i5 10210U, 8 ГБ, 512 Гб, 15.6'', 1920x1080, Intel UHD Graphics, Windows",//images.wbstatic.net/c246x328/new/12120000/12124398-1.jpg
Acer :  ,(163 519 сом),"Ноутбук Intel Core i7 10510U, 16 ГБ, 1024 Гб, 14'', 1920x1080, NVIDIA GeForce MX250, Windows",//images.wbstatic.net/c246x328/new/12120000/12124399-1.jpg
Dell :  ,(54 408 сом),"Ноутбук Intel Core i3 10110U, 4 ГБ, 128 Гб, 14'', 1920x1080, Intel UHD Graphics, Linux",//images.wbstatic.net/c246x328/new/12120000/12129705-1.jpg
Dell :  ,(156 345 сом),"Ноутбук Intel Core i7 1065G7, 16 ГБ, 512 Гб, 13.4'', 1920x1200, Intel Iris Plus Graphics, Windows",//images.wbstatic.net/c246x328/new/12130000/12133054-1.jpg
Dell :  ,(164 000 сом),"Ноутбук Intel Core i7 1065G7, 16 ГБ, 1024 Гб, 13.4'', 1920x1200, Intel Iris Plus Graphics, Windows",//images.wbstatic.net/c246x328/new/12130000/12133055-1.jpg
lenovo :  ,(117 678 сом),"Ноутбук Intel Core i5 8250U, 8 ГБ, 256 Гб, 14'', 1920x1080, Intel UHD Graphics 620, Windows", //static.wbstatic.net/i/blank.gif
lenovo :  ,(102 682 сом),"Ноутбук Intel Core i5 8250U, 8 ГБ, 500 Гб, 15.6'', 1920x1080, Intel UHD Graphics 620, Windows", //static.wbstatic.net/i/blank.gif
lenovo :  ,(137 066 сом),"Ноутбук Intel Core i7 8565U, 16 ГБ, 512 Гб, 15.6'', 1920x1080, NVIDIA Quadro P520, Windows", //static.wbstatic.net/i/blank.gif
lenovo :  ,(163 519 сом),"Ноутбук Intel Core i7 8565U, 16 ГБ, 512 Гб, 15.6'', 3840x2160, NVIDIA Quadro P520, Windows", //static.wbstatic.net/i/blank.gif
lenovo :  ,(181 527 сом),"Ноутбук Intel Core i7 8565U, 16 ГБ, 512 Гб, 14'', 2560x1440, Intel UHD Graphics 620, Windows", //static.wbstatic.net/i/blank.gif
lenovo :  ,(169 291 сом),"Ноутбук Intel Core i7 8565U, 16 ГБ, 512 Гб, 14'', 1920x1080, Intel UHD Graphics 620, Windows", //static.wbstatic.net/i/blank.gif
lenovo :  ,(178 911 сом),"Ноутбук Intel Core i7 8565U, 16 ГБ, 512 Гб, 14'', 1920x1080, Intel UHD Graphics 620, Windows", //static.wbstatic.net/i/blank.gif
lenovo :  ,(140 645 сом),"Ноутбук Intel Core i7 8565U, 16 ГБ, 512 Гб, 13.3'', 1920x1080, Intel UHD Graphics 620, Windows", //static.wbstatic.net/i/blank.gif
lenovo :  ,(125 557 сом),"Ноутбук Intel Core i7 8565U, 8 ГБ, 256 Гб, 14'', 1920x1080, Intel UHD Graphics 620, Windows", //static.wbstatic.net/i/blank.gif
lenovo :  ,(172 177 сом),"Ноутбук Intel Core i7 8565U, 16 ГБ, 512 Гб, 14'', 1920x1080, Intel UHD Graphics 620, Windows", //static.wbstatic.net/i/blank.gif
lenovo :  ,(169 291 сом),"Ноутбук Intel Core i7 8565U, 16 ГБ, 256 Гб, 14'', 2560x1440, Intel UHD Graphics 620, Windows", //static.wbstatic.net/i/blank.gif
lenovo :  ,(176 025 сом),"Ноутбук Intel Core i7 8565U, 16 ГБ, 512 Гб, 14'', 1920x1080, Intel UHD Graphics 620, Windows", //static.wbstatic.net/i/blank.gif
lenovo :  ,(184 934 сом),"Ноутбук Intel Core i7 8565U, 16 ГБ, 512 Гб, 14'', 1920x1080, Intel UHD Graphics 620, Windows", //static.wbstatic.net/i/blank.gif
lenovo :  ,(106 765 сом),"Ноутбук Intel Core i7 10510U, 16 ГБ, 256 Гб, 15.6'', 1920x1080, AMD Radeon Rx 640, Windows", //static.wbstatic.net/i/blank.gif
lenovo :  ,(120 415 сом),"Ноутбук Intel Core i5 8265U, 16 ГБ, 512 Гб, 14'', 1920x1080, Intel UHD Graphics 620, Windows", //static.wbstatic.net/i/blank.gif
lenovo :  ,(128 512 сом),"Ноутбук Intel Core i5 8265U, 16 ГБ, 512 Гб, 14'', 1920x1080, Intel UHD Graphics 620, Windows", //static.wbstatic.net/i/blank.gif
lenovo :  ,(122 431 сом),"Ноутбук Intel Core i5 8265U, 8 ГБ, 256 Гб, 14'', 1920x1080, Intel UHD Graphics 620, Windows", //static.wbstatic.net/i/blank.gif
lenovo :  ,(149 932 сом),"Ноутбук Intel Core i7 8565U, 8 ГБ, 256 Гб, 13.3'', 1920x1080, Intel UHD Graphics 620, Windows", //static.wbstatic.net/i/blank.gif
lenovo :  ,(124 028 сом),"Ноутбук Intel Core i7 8565U, 8 ГБ, 256 Гб, 14'', 1920x1080, Intel UHD Graphics 620, Windows", //static.wbstatic.net/i/blank.gif
lenovo :  ,(151 426 сом),"Ноутбук Intel Core i5 8265U, 16 ГБ, 512 Гб, 14'', 1920x1080, Intel UHD Graphics 620, Windows", //static.wbstatic.net/i/blank.gif
lenovo :  ,(208 714 сом),"Ноутбук Intel Core i7 8565U, 16 ГБ, 1024 Гб, 14'', 3840x2160, Intel UHD Graphics 620, Windows", //static.wbstatic.net/i/blank.gif
lenovo :  ,(223 206 сом),"Ноутбук Intel Core i7 8565U, 16 ГБ, 1024 Гб, 14'', 3840x2160, Intel UHD Graphics 620, Windows", //static.wbstatic.net/i/blank.gif
lenovo :  ,(169 360 сом),"Ноутбук Intel Core i5 8265U, 8 ГБ, 256 Гб, 14'', 2560x1440, Intel UHD Graphics 620, Windows", //static.wbstatic.net/i/blank.gif
lenovo :  ,(183 903 сом),"Ноутбук Intel Core i5 8265U, 16 ГБ, 256 Гб, 14'', 2560x1440, Intel UHD Graphics 620, Windows", //static.wbstatic.net/i/blank.gif
lenovo :  ,(192 721 сом),"Ноутбук Intel Core i7 8565U, 8 ГБ, 256 Гб, 14'', 2560x1440, Intel UHD Graphics 620, Windows", //static.wbstatic.net/i/blank.gif
lenovo :  ,(204 058 сом),"Ноутбук Intel Core i7 8565U, 16 ГБ, 512 Гб, 14'', 2560x1440, Intel UHD Graphics 620, Windows", //static.wbstatic.net/i/blank.gif
lenovo :  ,(225 152 сом),"Ноутбук Intel Core i7 8565U, 16 ГБ, 1024 Гб, 14'', 3840x2160, Intel UHD Graphics 620, Windows", //static.wbstatic.net/i/blank.gif
lenovo :  ,(212 624 сом),"Ноутбук Intel Core i7 8565U, 16 ГБ, 512 Гб, 14'', 1920x1080, Intel UHD Graphics 620, Windows", //static.wbstatic.net/i/blank.gif
lenovo :  ,(179 323 сом),"Ноутбук Intel Core i7 8565U, 16 ГБ, 512 Гб, 14'', 1920x1080, Intel UHD Graphics 620, Windows", //static.wbstatic.net/i/blank.gif
lenovo :  ,(63 524 сом),"Ноутбук Intel Core i7 1065G7, 8 ГБ, 256 Гб, 14'', 1920x1080, Intel Iris Plus Graphics, Windows", //static.wbstatic.net/i/blank.gif
Acer :  ,(162 489 сом),"Ноутбук Intel Core i7 8500Y, 16 ГБ, 512 Гб, 14'', 1920x1080, Intel UHD Graphics 615, Windows", //static.wbstatic.net/i/blank.gif
Acer :  ,(162 489 сом),"Ноутбук Intel Core i7 8500Y, 16 ГБ, 512 Гб, 14'', 1920x1080, Intel UHD Graphics 615, Windows", //static.wbstatic.net/i/blank.gif
Dell :  ,(118 050 сом),"Ноутбук Intel Core i5 10210U, 8 ГБ, 256 Гб, 13.3'', 1920x1080, Intel UHD Graphics, Windows", //static.wbstatic.net/i/blank.gif
Dell :  ,(137 478 сом),"Ноутбук Intel Core i7 10510U, 16 ГБ, 512 Гб, 13.3'', 1920x1080, Intel UHD Graphics, Windows", //static.wbstatic.net/i/blank.gif
Dell :  ,(150 430 сом),"Ноутбук Intel Core i7 10510U, 16 ГБ, 512 Гб, 13.3'', 3840x2160, Intel UHD Graphics, Windows", //static.wbstatic.net/i/blank.gif
Dell :  ,(143 090 сом),"Ноутбук Intel Core i5 1035G1, 8 ГБ, 256 Гб, 13.4'', 1920x1080, Intel UHD Graphics, Windows", //static.wbstatic.net/i/blank.gif
Dell :  ,(151 655 сом),"Ноутбук Intel Core i7 1065G7, 8 ГБ, 256 Гб, 13.4'', 1920x1080, Intel Iris Plus Graphics, Windows", //static.wbstatic.net/i/blank.gif
Dell :  ,(143 456 сом),"Ноутбук Intel Core i5 9300H, 8 ГБ, 512 Гб, 15.6'', 3840x2160, NVIDIA GeForce GTX 1650, Windows", //static.wbstatic.net/i/blank.gif
Dell :  ,(141 962 сом),"Ноутбук Intel Core i5 1035G1, 8 ГБ, 512 Гб, 13.4'', 1920x1080, Intel UHD Graphics, Windows", //static.wbstatic.net/i/blank.gif
Dell :  ,(158 401 сом),"Ноутбук Intel Core i7 1065G7, 16 ГБ, 512 Гб, 13.4'', 1920x1080, Intel Iris Plus Graphics, Windows", //static.wbstatic.net/i/blank.gif
Dell :  ,(164 378 сом),"Ноутбук Intel Core i7 1065G7, 16 ГБ, 1024 Гб, 13.4'', 1920x1080, Intel Iris Plus Graphics, Windows", //static.wbstatic.net/i/blank.gif
Dell :  ,(168 077 сом),"Ноутбук Intel Core i7 1065G7, 16 ГБ, 1024 Гб, 13.4'', 3840x2160, Intel Iris Plus Graphics, Windows", //static.wbstatic.net/i/blank.gif
Acer :  ,(155 025 сом),"Ноутбук Intel Core i7 8500Y, 16 ГБ, 512 Гб, 14'', 1920x1080, Intel UHD Graphics 615, Windows", //static.wbstatic.net/i/blank.gif
Acer :  ,(72 022 сом),"Ноутбук Intel Core i5 10210U, 8 ГБ, 256 Гб, 14'', 1920x1080, Intel UHD Graphics, Windows", //static.wbstatic.net/i/blank.gif
Acer :  ,(56 280 сом),"Ноутбук Intel Core i3 10110U, 4 ГБ, 256 Гб, 14'', 1920x1080, Intel UHD Graphics, Windows", //static.wbstatic.net/i/blank.gif
Acer :  ,(86 767 сом),"Ноутбук Intel Core i5 10210U, 8 ГБ, 512 Гб, 15.6'', 1920x1080, Intel UHD Graphics, Windows", //static.wbstatic.net/i/blank.gif
Acer :  ,(102 707 сом),"Ноутбук Intel Core i7 10510U, 16 ГБ, 512 Гб, 14'', 1920x1080, Intel UHD Graphics, Windows", //static.wbstatic.net/i/blank.gif
lenovo :  ,(157 072 сом),"Ноутбук Intel Core i7 8565U, 16 ГБ, 512 Гб, 15.6'', 3840x2160, NVIDIA GeForce MX250, Windows", //static.wbstatic.net/i/blank.gif
lenovo :  ,(125 754 сом),"Ноутбук Intel Core i5 8265U, 8 ГБ, 256 Гб, 13.3'', 1920x1080, Intel UHD Graphics 620, Windows", //static.wbstatic.net/i/blank.gif
lenovo :  ,(143 513 сом),"Ноутбук Intel Core i5 8265U, 8 ГБ, 256 Гб, 14'', 1920x1080, Intel UHD Graphics 620, Windows", //static.wbstatic.net/i/blank.gif
lenovo :  ,(101 502 сом),"Ноутбук AMD Ryzen 5 Pro 3500U, 16 ГБ, 256 Гб, 14'', 1920x1080, AMD Radeon Vega 8, Windows", //static.wbstatic.net/i/blank.gif
lenovo :  ,(120 112 сом),"Ноутбук AMD Ryzen 5 Pro 3500U, 16 ГБ, 512 Гб, 14'', 1920x1080, AMD Radeon Vega 8, Windows", //static.wbstatic.net/i/blank.gif
lenovo :  ,(169 383 сом),"Ноутбук Intel Core i5 9300H, 8 ГБ, 256 Гб, 15.6'', 1920x1080, NVIDIA GeForce GTX 1650, Windows", //static.wbstatic.net/i/blank.gif
lenovo :  ,(191 640 сом),"Ноутбук Intel Core i5 9300H, 16 ГБ, 512 Гб, 15.6'', 1920x1080, NVIDIA GeForce GTX 1650, Windows", //static.wbstatic.net/i/blank.gif
lenovo :  ,(134 421 сом),"Ноутбук Intel Core i7 8565U, 16 ГБ, 512 Гб, 14'', 1920x1080, NVIDIA Quadro P520, Windows", //static.wbstatic.net/i/blank.gif
lenovo :  ,(202 159 сом),"Ноутбук Intel Core i7 1065G7, 16 ГБ, 1024 Гб, 14'', 3840x2160, Intel Iris Plus Graphics, Windows", //static.wbstatic.net/i/blank.gif
lenovo :  ,(150 142 сом),"Ноутбук Intel Core i5 8265U, 16 ГБ, 512 Гб, 14'', 1920x1080, Intel UHD Graphics 620, Windows", //static.wbstatic.net/i/blank.gif
lenovo :  ,(140 822 сом),"Ноутбук Intel Core i5 8265U, 16 ГБ, 512 Гб, 14'', 1920x1080, Intel UHD Graphics 620, Windows", //static.wbstatic.net/i/blank.gif
lenovo :  ,(149 733 сом),"Ноутбук Intel Core i7 8565U, 512 Гб, 15.6'', 1920x1080, Intel UHD Graphics 620, Windows", //static.wbstatic.net/i/blank.gif
lenovo :  ,(142 786 сом),"Ноутбук Intel Core i7 8565U, 8 ГБ, 512 Гб, 13.3'', 1920x1080, Intel UHD Graphics 620, Windows", //static.wbstatic.net/i/blank.gif
Acer :  ,(74 941 сом),"Ноутбук Intel Core i5 10210U, 8 ГБ, 256 Гб, 15.6'', 1920x1080, Intel UHD Graphics, Windows", //static.wbstatic.net/i/blank.gif
Acer :  ,(93 435 сом),"Ноутбук Intel Core i5 8265U, 8 ГБ, 256 Гб, 14'', 1920x1080, Intel UHD Graphics 620, Windows", //static.wbstatic.net/i/blank.gif
Acer :  ,(104 250 сом),"Ноутбук Intel Core i7 8565U, 8 ГБ, 512 Гб, 14'', 1920x1080, Intel UHD Graphics 620, Windows", //static.wbstatic.net/i/blank.gif
Acer :  ,(83 701 сом),"Ноутбук Intel Core i5 10210U, 8 ГБ, 512 Гб, 14'', 1920x1080, Intel UHD Graphics, Windows", //static.wbstatic.net/i/blank.gif
lenovo :  ,(194 792 сом),"Ноутбук Intel Core i7 8565U, 16 ГБ, 512 Гб, 14'', 3840х1600, Intel UHD Graphics 620, Windows", //static.wbstatic.net/i/blank.gif
lenovo :  ,(162 254 сом),"Ноутбук Intel Core i5 8265U, 16 ГБ, 512 Гб, 14'', 1920x1080, Intel UHD Graphics 620, Windows", //static.wbstatic.net/i/blank.gif
Acer :  ,(142 299 сом),"Ноутбук Intel Core i7 1065G7, 16 ГБ, 1024 Гб, 13.5"", 2256х1504, Intel Iris Plus Graphics, Windows", //static.wbstatic.net/i/blank.gif
Acer :  ,(129 595 сом),"Ноутбук Intel Core i7 1065G7, 16 ГБ, 1024 Гб, 13.5"", 2256х1504, NVIDIA GeForce MX350, Windows", //static.wbstatic.net/i/blank.gif
Acer :  ,(115 631 сом),"Ноутбук Intel Core i7 10510U, 16 ГБ, 512 Гб, 14'', 1920x1080, Intel UHD Graphics, Windows", //static.wbstatic.net/i/blank.gif
Acer :  ,(120 577 сом),"Ноутбук Intel Core i7 10510U, 8 ГБ, 256 Гб, 14'', 1920x1080, Intel UHD Graphics, Windows", //static.wbstatic.net/i/blank.gif
Acer :  ,(118 789 сом),"Ноутбук Intel Core i5 10210U, 8 ГБ, 256 Гб, 14'', 1920x1080, Intel UHD Graphics, Windows", //static.wbstatic.net/i/blank.gif
Dell :  ,(125 460 сом),"Ноутбук 16 ГБ, 512 Гб, 13.3'', 1920x1080, Intel UHD Graphics 620, Windows", //static.wbstatic.net/i/blank.gif
Dell :  ,(151 741 сом),"Ноутбук Intel Core i5 8265U, 8 ГБ, 256 Гб, 14'', 1920x1080, Intel UHD Graphics 620, Windows", //static.wbstatic.net/i/blank.gif
Dell :  ,(93 298 сом),"Ноутбук Intel Core i5 8265U, 8 ГБ, 256 Гб, 14'', 1920x1080, Intel UHD Graphics 620, Windows", //static.wbstatic.net/i/blank.gif
Dell :  ,(178 023 сом),"Ноутбук Intel Core i7 8665U, 16 ГБ, 512 Гб, 14'', 1920x1080, Intel UHD Graphics 620, Windows", //static.wbstatic.net/i/blank.gif
Dell :  ,(168 299 сом),"Ноутбук Intel Core i7 1065G7, 16 ГБ, 512 Гб, 13.4'', 1920x1200, Intel Iris Plus Graphics G7, Windows", //static.wbstatic.net/i/blank.gif
Acer :  ,(164 006 сом),"Ноутбук Intel Core i7 10510U, 16 ГБ, 1024 Гб, 14'', 1920x1080, Intel UHD Graphics, Windows", //static.wbstatic.net/i/blank.gif
Acer :  ,(155 732 сом),"Ноутбук Intel Core i7 10510U, 16 ГБ, 512 Гб, 14'', 1920x1080, Intel UHD Graphics, Windows", //static.wbstatic.net/i/blank.gif
Acer :  ,(143 857 сом),"Ноутбук Intel Core i7 10510U, 8 ГБ, 256 Гб, 14'', 1920x1080, Intel UHD Graphics, Windows", //static.wbstatic.net/i/blank.gif
Acer :  ,(132 663 сом),"Ноутбук Intel Core i5 10210U, 8 ГБ, 256 Гб, 14'', 1920x1080, Intel UHD Graphics, Windows", //static.wbstatic.net/i/blank.gif
Asus :  ,(80 792 сом),"Ноутбук Intel Core i5 10210U, 8 ГБ, 256 Гб, 14'', 1920x1080, Intel UHD Graphics 620, Windows",//images.wbstatic.net/c246x328/new/14250000/14254320-1.jpg
Acer :  ,(46 345 сом),"Ноутбук AMD Ryzen 5 3500U, 4 ГБ, 256 Гб, 15.6'', 1920x1080, AMD Radeon Vega 8",//images.wbstatic.net/c246x328/new/16950000/16954306-1.jpg
Acer :  ,(52 173 сом),"Ноутбук AMD Ryzen 5 3500U, 4 ГБ, 256 Гб, 15.6'', 1920x1080, AMD Radeon Vega 8, Windows",//images.wbstatic.net/c246x328/new/16950000/16954307-1.jpg
Acer :  ,(44 834 сом),"Ноутбук AMD Ryzen 3 3250U, 4 ГБ, 256 Гб, 15.6'', 1920x1080, AMD Radeon Graphics, Windows",//images.wbstatic.net/c246x328/new/17310000/17319026-1.jpg
lenovo :  ,(97 969 сом),"Ноутбук Intel Core i5 1135G7, 16 ГБ, 512 Гб, 14'', 1920x1080, Intel Iris Xe, Windows",//images.wbstatic.net/c246x328/new/18560000/18561308-1.jpg
wildberries :  ,(43 516 сом),"Ноутбук Intel Core i5 8265U, 256 Гб, NVIDIA GeForce MX230, Linux",//images.wbstatic.net/c246x328/new/19060000/19064145-1.jpg
wildberries :  ,(43 516 сом),"Ноутбук Intel Core i5 8265U, 256 Гб, NVIDIA GeForce MX230, Linux",//images.wbstatic.net/c246x328/new/19060000/19064146-1.jpg
wildberries :  ,(43 516 сом),"Ноутбук Intel Core i5 8265U, 256 Гб, NVIDIA GeForce MX230, Linux",//images.wbstatic.net/c246x328/new/19060000/19064147-1.jpg
wildberries :  ,(43 516 сом),"Ноутбук Intel Core i5 8265U, 256 Гб, NVIDIA GeForce MX230, Linux",//images.wbstatic.net/c246x328/new/19060000/19064148-1.jpg
wildberries :  ,(43 516 сом),"Ноутбук Intel Core i5 8265U, 256 Гб, NVIDIA GeForce MX230, Linux",//images.wbstatic.net/c246x328/new/19060000/19064149-1.jpg
wildberries :  ,(43 516 сом),"Ноутбук Intel Core i5 8265U, 256 Гб, NVIDIA GeForce MX230, Linux",//images.wbstatic.net/c246x328/new/19060000/19064150-1.jpg
wildberries :  ,(43 516 сом),"Ноутбук Intel Core i5 8265U, 256 Гб, NVIDIA GeForce MX230, Linux",//images.wbstatic.net/c246x328/new/19060000/19064151-1.jpg
wildberries :  ,(43 516 сом),"Ноутбук Intel Core i5 8265U, 256 Гб, NVIDIA GeForce MX230, Linux",//images.wbstatic.net/c246x328/new/19060000/19064152-1.jpg
wildberries :  ,(43 516 сом),"Ноутбук Intel Core i5 8265U, 256 Гб, NVIDIA GeForce MX230, Linux",//images.wbstatic.net/c246x328/new/19060000/19064153-1.jpg
wildberries :  ,(43 516 сом),"Ноутбук Intel Core i5 8265U, 256 Гб, NVIDIA GeForce MX230, Linux",//images.wbstatic.net/c246x328/new/19060000/19064154-1.jpg
wildberries :  ,(43 516 сом),"Ноутбук Intel Core i5 8265U, 256 Гб, NVIDIA GeForce MX230, Linux",//images.wbstatic.net/c246x328/new/19060000/19064155-1.jpg
wildberries :  ,(43 516 сом),"Ноутбук Intel Core i5 8265U, 256 Гб, NVIDIA GeForce MX230, Linux",//images.wbstatic.net/c246x328/new/19060000/19064156-1.jpg
wildberries :  ,(43 516 сом),"Ноутбук Intel Core i5 8265U, 256 Гб, NVIDIA GeForce MX230, Linux",//images.wbstatic.net/c246x328/new/19060000/19064157-1.jpg
wildberries :  ,(43 516 сом),"Ноутбук Intel Core i5 8265U, 256 Гб, NVIDIA GeForce MX230, Linux",//images.wbstatic.net/c246x328/new/19060000/19064158-1.jpg
wildberries :  ,(43 516 сом),"Ноутбук Intel Core i5 8265U, 256 Гб, NVIDIA GeForce MX230, Linux",//images.wbstatic.net/c246x328/new/19060000/19064159-1.jpg
lenovo :  ,(179 369 сом),"Ноутбук Intel Core i5 1135G7, 16 ГБ, 1024 Гб, 14'', 1920x1080, Intel Iris Xe Graphics, Windows", //static.wbstatic.net/i/blank.gif
lenovo :  ,(185 140 сом),"Ноутбук Intel Core i7 10750H, 16 ГБ, 512 Гб, 15.6"", 1920x1080, NVIDIA GeForce GTX 1650Ti, Windows", //static.wbstatic.net/i/blank.gif
MSI :  ,(114 276 сом),"Ноутбук Intel Core i5 10300H, 8 ГБ, 512 Гб, 15.6"", 1920 x 1080, NVIDIA GeForce GTX 1660Ti, Windows 10 Home", //static.wbstatic.net/i/blank.gif
MSI :  ,(85 336 сом),"Ноутбук Intel Core i7 1165G7, 8 ГБ, 512 Гб, 14'', 1920x1080, Intel Iris Xe Graphics, Windows", //static.wbstatic.net/i/blank.gif
Asus :  ,(79 646 сом),"Ноутбук Intel Core i5-1135G7, 8 ГБ, 256 Гб, 14'', 1920x1080, Intel Iris Xe Graphics, Windows", //static.wbstatic.net/i/blank.gif
Acer :  ,(51 108 сом),"Ноутбук AMD Ryzen 5 3500U, 4 ГБ, 512 Гб, 15.6"", 1920x1080, AMD Radeon Vega 8, noOS", //static.wbstatic.net/i/blank.gif
lenovo :  ,(98 015 сом),"Ноутбук Intel Core i7-10750H, 8, 512 Гб, 15.6"", 1920x1080, NVIDIA GeForce GTX 1650 Ti", //static.wbstatic.net/i/blank.gif
Acer :  ,(99 871 сом),"Ноутбук 16 ГБ, Windows 10 Home", //static.wbstatic.net/i/blank.gif
MSI :  ,(92 787 сом),"Ноутбук Intel Core i5 1135G7, 16 ГБ, 512 Гб, 14, 1920 x 1080, NVIDIA GeForce MX 450, Windows 10 Home", //static.wbstatic.net/i/blank.gif
Acer :  ,(44 277 сом),Ноутбук 4 ГБ, //static.wbstatic.net/i/blank.gif
Acer :  ,(59 516 сом),"Ноутбук Intel Core i5 1035G1, 4 ГБ, 256 Гб, 15.6, 1920 x 1080, Intel UHD Graphics, Windows 10 Home", //static.wbstatic.net/i/blank.gif
Acer :  ,(59 193 сом),"Ноутбук Intel Core i3 1005G1, 4 ГБ, 1 Тб, 15.6, 1920 x 1080, Intel UHD Graphics, Windows 10 Home", //static.wbstatic.net/i/blank.gif
Honor :  ,(103 896 сом),"Ноутбук 8 ГБ, 512 Гб, 14'', 1920x1080, Intel Iris Xe Graphics G7 80EUs, Windows 10 Home", //static.wbstatic.net/i/blank.gif
Honor :  ,(85 933 сом),"Ноутбук Intel Core i5-1135G7, 16 ГБ, 512 Гб, 1920x1080, Intel Iris Xe Graphics G7 80EUs, Windows 10 Home", //static.wbstatic.net/i/blank.gif
Honor :  ,(107 399 сом),"Ноутбук Intel Core i7-1165G7, 16 ГБ, 512 Гб, 14'', 1920x1080, Intel Iris Xe Graphics G7 96EUs, Windows 10 Home", //static.wbstatic.net/i/blank.gif
Asus :  ,(40 085 сом),"Ноутбук 256 Гб, 15.6""", //static.wbstatic.net/i/blank.gif
Acer :  ,(109 558 сом),"Ноутбук Intel Core i5 1135G7, 8 ГБ, 512 Гб, 14"", 1920x1080 FHD, Intel Iris Xe Graphics, Windows", //static.wbstatic.net/i/blank.gif
Acer :  ,(129 154 сом),"Ноутбук Intel Core i7 1165G7, 16 ГБ, 512 Гб, 14"", 1920x1080 FHD, Intel Iris Xe Graphics, Windows", //static.wbstatic.net/i/blank.gif
Acer :  ,(100 603 сом),"Ноутбук Intel Core i7 1165G7, 16 ГБ, 512 Гб, 14"", 1920x1080 FHD, Intel Iris Xe Graphics, Windows", //static.wbstatic.net/i/blank.gif
Acer :  ,(102 815 сом),"Ноутбук Intel Core i5 1135G7, 8 ГБ, 256 Гб, 14"", 1920x1080 FHD, Intel Iris Xe Graphics, Windows", //static.wbstatic.net/i/blank.gif
Acer :  ,(100 603 сом),"Ноутбук Intel Core i7 1165G7, 16 ГБ, 512 Гб, 14"", 1920x1080 FHD, Intel Iris Xe Graphics, Windows", //static.wbstatic.net/i/blank.gif
Acer :  ,(93 438 сом),"Ноутбук Intel Core i5 10210U, 16 ГБ, 512 Гб, 14"", 1920 x 1080, NVIDIA GeForce MX230, Windows", //static.wbstatic.net/i/blank.gif
Acer :  ,(83 114 сом),"Ноутбук Intel Core i5 1135G7, 8 ГБ, 256 Гб, 14"", 1920x1080 FHD, Intel Iris Xe Graphics, Windows", //static.wbstatic.net/i/blank.gif
Acer :  ,(81 428 сом),"Ноутбук Intel Core i5 1135G7, 8 ГБ, 1ТБ, 14"", 1920x1080 FHD, Intel Iris Xe Graphics, Windows", //static.wbstatic.net/i/blank.gif
Acer :  ,(81 112 сом),"Ноутбук Intel Core i5 1135G7, 8 ГБ, 512 Гб, 14"", 1920x1080 FHD, Intel Iris Xe Graphics, Windows", //static.wbstatic.net/i/blank.gif
Acer :  ,(81 112 сом),"Ноутбук Intel Core i5 1135G7, 8 ГБ, 512 Гб, 14"", 1920x1080 FHD, Intel Iris Xe Graphics, Windows", //static.wbstatic.net/i/blank.gif
Acer :  ,(68 258 сом),"Ноутбук Intel Core i3 1115G4, 8 ГБ, 256 Гб, 14"", 1920x1080 FHD, Intel Iris Xe Graphics, Windows", //static.wbstatic.net/i/blank.gif
Acer :  ,(68 258 сом),"Ноутбук Intel Core i5 1135G7, 8 ГБ, 256 Гб, 14"", 1920x1080 FHD, Intel Iris Xe Graphics", //static.wbstatic.net/i/blank.gif
Acer :  ,(66 467 сом),"Ноутбук Intel Core i5 1135G7, 8 ГБ, 1ТБ, 14"", 1920x1080 FHD, Intel Iris Xe Graphics", //static.wbstatic.net/i/blank.gif
Acer :  ,(53 403 сом),"Ноутбук Intel Core i3 1115G4, 8 ГБ, 256 Гб, 14"", 1920x1080 FHD, Intel UHD Graphics", //static.wbstatic.net/i/blank.gif
Acer :  ,(63 623 сом),"Ноутбук Intel Core i3 10110U, 8 ГБ, 256 Гб, 14"", 1920x1080 FHD, Intel UHD Graphics, Windows", //static.wbstatic.net/i/blank.gif
Acer :  ,(73 210 сом),"Ноутбук Intel Core i7, 8 ГБ, 512 Гб, 15.6 "", 1920 x 1080 (FHD), GeForce MX330, Windows 10", //static.wbstatic.net/i/blank.gif
Acer :  ,(35 145 сом),"Ноутбук Intel Pentium N5030, 8 GB, 128 Гб, 15.6"", 1920 x 1080, noOS", //static.wbstatic.net/i/blank.gif
lenovo :  ,(62 423 сом),"Ноутбук Intel Core i5 1135G7, 8 ГБ, 512 Гб, 14"", 1920 x 1080, DOS", //static.wbstatic.net/i/blank.gif
Asus :  ,(104 788 сом),"Ноутбук 8 ГБ, 512 Гб, 14''", //static.wbstatic.net/i/blank.gif
MSI :  ,(70 851 сом),"Ноутбук AMD Ryzen 7 4700U, 8 ГБ, 256 Гб, 14'', 1920 x 1080, AMD Radeon Graphics, Windows 10 Home", //static.wbstatic.net/i/blank.gif
MSI :  ,(51 120 сом),"Ноутбук Intel Core i3 10110U Comet Lake, 8 ГБ, 256 Гб, 15.6 "", 1920х1080, Intel UHD Graphics, Free DOS", //static.wbstatic.net/i/blank.gif
Acer :  ,(72 352 сом),"Ноутбук Ryzen 5 4500U, 12 ГБ, 512 Гб, 15,6"", 1920 х 1080, Windows 10", //static.wbstatic.net/i/blank.gif
lenovo :  ,(67 100 сом),"Ноутбук Intel Core i5 1135G7, 8 ГБ, 512 Гб, 14"", 1920 x 1080, Intel Iris Xe Graphics, Windows 10 Home", //static.wbstatic.net/i/blank.gif
Клайд :  ,(4 134 сом),Ноутбук, //static.wbstatic.net/i/blank.gif
Asus :  ,(42 892 сом),"Ноутбук Intel Pentium Gold, 4 GB, 256 Гб, 15.6"", 1366 x 768, Windows 10 Home", //static.wbstatic.net/i/blank.gif
Asus :  ,(78 882 сом),"Ноутбук Intel Core i3, 8 GB, 256 Гб, 14'', 1920 x 1080, Windows 10 Home", //static.wbstatic.net/i/blank.gif
MSI :  ,(127 274 сом),"Ноутбук Intel Core i5 11400H, 8 ГБ, 512 Гб, 15.6 "", 1920х1080, NVIDIA GeForce RTX, Free DOS", //static.wbstatic.net/i/blank.gif
MSI :  ,(124 010 сом),"Ноутбук Intel Core i5 11400H, 8 ГБ, 512 Гб, 15.6 "", 1920х1080, Windows 10", //static.wbstatic.net/i/blank.gif
MSI :  ,(81 581 сом),"Ноутбук Intel Core i5 1135G7, 8 ГБ, 512 Гб, 15.6 "", 1920х1080, Free DOS", //static.wbstatic.net/i/blank.gif
MSI :  ,(103 340 сом),"Ноутбук Intel Core i7 1165G7, 16 ГБ, 512 Гб, 15.6 "", 1920х1080, Windows 10", //static.wbstatic.net/i/blank.gif
Acer :  ,(51 934 сом),"Ноутбук Intel Core i5 1035G1, 8, 15.6 "", 1920 x 1080, RAM", //static.wbstatic.net/i/blank.gif
Acer :  ,(40 288 сом),"Ноутбук AMD Ryzen 3 3250U 2.6ГГц, 8, 15"", 1920 x 1080, Windows 10 Pro", //static.wbstatic.net/i/blank.gif
MSI :  ,(72 878 сом),"Ноутбук Intel Core i5 1135G7, 8 ГБ, 512 Гб, 14, 1920х1080, Windows 10", //static.wbstatic.net/i/blank.gif
MSI :  ,(87 021 сом),"Ноутбук Intel Core i7 1165G7, 8 ГБ, 512 Гб, 14, 1920х1080, Windows 10", //static.wbstatic.net/i/blank.gif
Asus :  ,(42 417 сом),"Ноутбук Intel Pentium Gold 6805, 8 ГБ, 256 Гб, 14'', 1920 x 1080, NVIDIA GeForce MX130, Windos 10 Home", //static.wbstatic.net/i/blank.gif
Asus :  ,(68 923 сом),"Ноутбук Intel Core i5, 256 Гб, 14"", 1920 x 1080, Windows 10 Home", //static.wbstatic.net/i/blank.gif
Asus :  ,(68 923 сом),"Ноутбук Intel Core i5, 8 GB, 256 Гб, 14"", 1920 x 1080, Windows 10 Home", //static.wbstatic.net/i/blank.gif
Asus :  ,(83 869 сом),"Ноутбук Intel Core i5, 8 GB, 256 Гб, 13.3 "", 1920 x 1080", //static.wbstatic.net/i/blank.gif
THUNDEROBOT :  ,(87 056 сом),"Ноутбук Intel Core i5, 16GB, 512 GB, 15.6"", 1920 x 1080, Windows 10", //static.wbstatic.net/i/blank.gif
Asus :  ,(46 461 сом),"Ноутбук Intel Pentium Gold, 8 GB, 256 Гб, 14"", 1920 x 1080, Windows 10 Home", //static.wbstatic.net/i/blank.gif
Asus :  ,(111 884 сом),"Ноутбук 10300H, 8 GB, 512 GB, 17.3"", 1920 x 1080, Windows 10 Home", //static.wbstatic.net/i/blank.gif
Asus :  ,(76 772 сом),"Ноутбук Intel Core i3, 8 GB, 256 Гб, 13.3 "", 1920 ? 1080, Windows 10 Home", //static.wbstatic.net/i/blank.gif
Asus :  ,(26 212 сом),"Ноутбук Intel Celeron N4020, 4 ГБ, 11.6"", 1366 x 768, Intel UHD Graphics, Windows 10 Home", //static.wbstatic.net/i/blank.gif
Asus :  ,(70 301 сом),"Ноутбук AMD Ryzen 7 4700U, 8 ГБ, 512 Гб, 15.6"", 1920 x 1080 (FHD), AMD Radeon Graphics, Без операционной системы", //static.wbstatic.net/i/blank.gif
Xiaomi :  ,(61 953 сом),"Ноутбук Core I5 8200Y, 256 Гб, 12.5"", 1920x1080, Windows 10 Home Single Language", //static.wbstatic.net/i/blank.gif
Xiaomi :  ,(96 147 сом),"Ноутбук Intel Core i5, 512 GB, 15.6"", 1920x1080, Windows 10 Home", //static.wbstatic.net/i/blank.gif
CHUWI :  ,(62 526 сом),"Ноутбук Intel Core i5-8259U, 8, 512, 14"", 2160 x 1440, Intel® Iris® Plus 655, до 1,2 МГц, Windows 10, Windos 10 Home, Windows 10 64-bit", //static.wbstatic.net/i/blank.gif
Asus :  ,(37 893 сом),"Ноутбук Intel Pentium, 4 ГБ, 128 GB, 15.6, 1366x768, NVIDIA GeForce® MX130, Windows 10 Home", //static.wbstatic.net/i/blank.gif
Asus :  ,(76 714 сом),"Ноутбук Intel Core i5-8265U, 8, 256 Гбайт, 14"", 1920x1080, Intel UHD Graphics, Microsoft Windows 10 Домашняя", //static.wbstatic.net/i/blank.gif
Asus :  ,(45 566 сом),"Ноутбук Intel Core i3-10110U, 4, 1000 Гбайт, 14"", 1366x768, Intel UHD Graphics, DOS", //static.wbstatic.net/i/blank.gif
Asus :  ,(50 146 сом),"Ноутбук Intel Core i3-10110U, 8, 256 Гбайт, 14"", 1366x768, Intel UHD Graphics, DOS", //static.wbstatic.net/i/blank.gif
Asus :  ,(55 758 сом),"Ноутбук Intel Core i3-10110U, 8, 256 Гбайт, 14"", 1366x768, Intel UHD Graphics, Microsoft Windows 10 Домашняя", //static.wbstatic.net/i/blank.gif
Asus :  ,(73 966 сом),"Ноутбук Intel Core i3-8145U, 8, 256 Гбайт, 14"", 1920x1080, Intel UHD Graphics, Microsoft Windows 10 Pro", //static.wbstatic.net/i/blank.gif
Asus :  ,(59 651 сом),"Ноутбук Intel Core i3-10110U, 8, 256 Гбайт, 14"", 1366x768, Intel UHD Graphics, Microsoft Windows 10 Домашняя", //static.wbstatic.net/i/blank.gif
Asus :  ,(69 729 сом),"Ноутбук Intel Core i3-8145U, 8, 256 Гбайт, 14"", 1920x1080, Intel UHD Graphics, Microsoft Windows 10 Pro", //static.wbstatic.net/i/blank.gif
Asus :  ,(64 232 сом),"Ноутбук Intel Core i3-10110U, 8, 256 Гбайт, 14"", 1366x768, Intel UHD Graphics, Microsoft Windows 10 Pro", //static.wbstatic.net/i/blank.gif
Asus :  ,(57 247 сом),"Ноутбук Intel Core i3-8145U, 8, 256 Гбайт, 14"", 1920x1080, Intel UHD Graphics, DOS", //static.wbstatic.net/i/blank.gif
Asus :  ,(54 384 сом),"Ноутбук Intel Core i3-10110U, 8, 256 Гбайт, 14"", 1920x1080, Intel UHD Graphics, DOS", //static.wbstatic.net/i/blank.gif
Asus :  ,(52 551 сом),"Ноутбук Intel Core i3-10110U, 8, 256 Гбайт, 14"", 1366x768, Intel UHD Graphics, DOS", //static.wbstatic.net/i/blank.gif
Asus :  ,(64 805 сом),"Ноутбук Intel Core i3-10110U, 8, 256 Гбайт, 14"", 1920x1080, Intel UHD Graphics, Microsoft Windows 10 Домашняя", //static.wbstatic.net/i/blank.gif
Asus :  ,(74 093 сом),"Ноутбук Intel Core i5-10210U, 8, 512 Гбайт, 14"", 1920x1080, Intel UHD Graphics, Microsoft Windows 10 Домашняя", //static.wbstatic.net/i/blank.gif
Asus :  ,(54 384 сом),"Ноутбук Intel Core i3-10110U, 8, 256 Гбайт, 14"", 1920x1080, Intel UHD Graphics, DOS", //static.wbstatic.net/i/blank.gif
Asus :  ,(61 369 сом),"Ноутбук Intel Core i3-10110U, 8, 256 Гбайт, 14"", 1366x768, Intel UHD Graphics, Microsoft Windows 10 Pro", //static.wbstatic.net/i/blank.gif
Asus :  ,(55 758 сом),"Ноутбук Intel Core i3-10110U, 8, 256 Гбайт, 14"", 1366x768, Intel UHD Graphics, Microsoft Windows 10 Домашняя", //static.wbstatic.net/i/blank.gif
Asus :  ,(57 934 сом),"Ноутбук Intel Core i3-10110U, 8, 14"", 1920x1080, Intel UHD Graphics, Microsoft Windows 10 Домашняя",//images.wbstatic.net/c246x328/new/37770000/37775674-1.jpg
Asus :  ,(52 551 сом),"Ноутбук Intel Core i3-10110U, 4, 1000 Гбайт, 14"", 1366x768, Intel UHD Graphics, Microsoft Windows 10 Домашняя",//images.wbstatic.net/c246x328/new/37770000/37775675-1.jpg
Asus :  ,(77 416 сом),"Ноутбук Intel Core i5-10210U, 8, 512 Гбайт, 14"", 1920x1080, Intel UHD Graphics, Microsoft Windows 10 Pro",//images.wbstatic.net/c246x328/new/37770000/37775696-1.jpg
Asus :  ,(45 795 сом),"Ноутбук Intel Core i3 10110U, 8 ГБ, 1 TB, 128 Гб, 17.3"", 1600 x 900, Intel UHD Graphics, DOS",//images.wbstatic.net/c246x328/new/37860000/37860285-1.jpg
Asus :  ,(41 214 сом),"Ноутбук Intel Core i3 10110U, 8 ГБ, 256 Гб, 17.3"", 1600 x 900, Intel UHD Graphics, DOS",//images.wbstatic.net/c246x328/new/37860000/37863214-1.jpg
Asus :  ,(44 650 сом),"Ноутбук Intel Pentium Gold 6805, 8 ГБ, 256 Гб, 14"", 1366 x 768, NVIDIA GeForce MX130, Windos 10 Home",//images.wbstatic.net/c246x328/new/37860000/37864495-1.jpg
Asus :  ,(33 198 сом),"Ноутбук Intel Pentium Gold 5405U, 4 ГБ, 128 Гб, 15,6"", 1366 x 768, Intel UHD Graphics 610, Windos 10 Home",//images.wbstatic.net/c246x328/new/37860000/37866993-1.jpg
Asus :  ,(60 224 сом),"Ноутбук AMD Ryzen 5 4500U, 8 ГБ, 256 Гб, 15.6 "", 1920 x 1080, AMD Radeon Graphics, Без ОС",//images.wbstatic.net/c246x328/new/37860000/37867204-1.jpg
lenovo :  ,(47 192 сом),"Ноутбук Intel Core i3 1115G4, 4 ГБ, 256 Гб, 15.6 "", 1920 x 1080, Intel UHD Graphics, DOS",//images.wbstatic.net/c246x328/new/37870000/37870828-1.jpg
Asus :  ,(71 905 сом),"Ноутбук AMD Ryzen 5 4500U, 8 ГБ, 1000 Гб, 256 Гб, 15.6 "", 1920 x 1080, AMD Radeon Graphics, Windows 10",//images.wbstatic.net/c246x328/new/37870000/37872294-1.jpg
Asus :  ,(74 653 сом),"Ноутбук AMD Ryzen 5 4500U, 8 ГБ, 256 Гб, 15.6 "", 1920 x 1080, AMD Radeon Graphics, Windows 10",//images.wbstatic.net/c246x328/new/37870000/37872965-1.jpg
Asus :  ,(187 452 сом),"Ноутбук AMD Ryzen 7 5800HS, 32 ГБ, 512 Гб, 15.6"", 1920 x 1080, NVIDIA GeForce RTX 3060, Windows 10",//images.wbstatic.net/c246x328/new/37930000/37933738-1.jpg
Asus :  ,(183 444 сом),"Ноутбук Intel Core i7 11800H, 16 ГБ, 512 Гб, 16"", 2560х1600 WQXGA, NVIDIA GeForce RTX 3050 Ti, Windows 10",//images.wbstatic.net/c246x328/new/37930000/37934941-1.jpg
Asus :  ,(199 820 сом),"Ноутбук Intel Core i7 11800H, 16 ГБ, 1024 Гб, 16"", 2560х1600 WQXGA, NVIDIA GeForce RTX 3060, Windows 10",//images.wbstatic.net/c246x328/new/37930000/37935618-1.jpg
Asus :  ,(199 820 сом),"Ноутбук Intel Core i7 11800H, 16 ГБ, 1024 Гб, 16"", 2560х1600 WQXGA, NVIDIA GeForce RTX 3060, Windows 10",//images.wbstatic.net/c246x328/new/37930000/37936066-1.jpg
Asus :  ,(184 704 сом),"Ноутбук AMD Ryzen 9 5900HS, 8 ГБ, 1024 Гб, 13.4'', 1920x1200 WUXGA, NVIDIA GeForce RTX 3050 Ti, Windows 10",//images.wbstatic.net/c246x328/new/37930000/37938473-1.jpg
Asus :  ,(49 001 сом),"Ноутбук Intel Pentium N5030, 128 Гб, 14"", 1920 x 1080, Intel UHD Graphics 605, Windows 10",//images.wbstatic.net/c246x328/new/37940000/37940160-1.jpg
Asus :  ,(101 336 сом),"Ноутбук Intel Core i5 10300H, 16 ГБ, 512 Гб, 15.6"", 1920 x 1080, NVIDIA GeForce GTX 1650, Windows 10",//images.wbstatic.net/c246x328/new/37940000/37941590-1.jpg
Asus :  ,(102 023 сом),"Ноутбук Intel Core i5 10300H, 16 ГБ, 512 Гб, 15.6"", 1920 x 1080, NVIDIA GeForce GTX 1650 Ti, Windows 10",//images.wbstatic.net/c246x328/new/37940000/37943019-1.jpg
Asus :  ,(104 771 сом),"Ноутбук Intel Core i5 1135G7, 16 ГБ, 512 Гб, 14"", 1920 x 1080, Intel Iris Xe Graphics, Windows 10",//images.wbstatic.net/c246x328/new/37940000/37945014-1.jpg
Asus :  ,(66 522 сом),"Ноутбук Intel Core i5 1035G1, 8 ГБ, 256 Гб, 14"", 1920 x 1080, Intel UHD Graphics, Windows 10", //static.wbstatic.net/i/blank.gif
MSI :  ,(92 861 сом),"Ноутбук Intel Core i5 10500H, 8 ГБ, 512 Гб, 15.6"", 1920 x 1080, NVIDIA GeForce GTX 1650, Windows 10", //static.wbstatic.net/i/blank.gif
Asus :  ,(29 762 сом),"Ноутбук Intel Celeron N4020, 4 ГБ, 256 Гб, 15.6 "", 1366 x 768, Intel UHD Graphics 600, DOS", //static.wbstatic.net/i/blank.gif
MSI :  ,(143 020 сом),"Ноутбук Intel Core i7 11800H, 8 ГБ, 512 Гб, 15.6"", 1920 x 1080, NVIDIA GeForce RTX 3050, Windows 10", //static.wbstatic.net/i/blank.gif
MSI :  ,(155 273 сом),"Ноутбук Intel Core i7 11800H, 8 ГБ, 512 Гб, 15.6"", 1920 x 1080, NVIDIA GeForce RTX 3060, DOS", //static.wbstatic.net/i/blank.gif
Asus :  ,(30 908 сом),"Ноутбук Intel Celeron N4020, 4 ГБ, 128 Гб, 15.6"", 1366 x 768, Intel UHD Graphics 600, Windows 10 Home", //static.wbstatic.net/i/blank.gif
MSI :  ,(85 532 сом),"Ноутбук Intel Core i5 1135G7, 8 ГБ, 512 Гб, 14"", 1920 x 1080, Intel Iris Xe Graphics, Windows 10", //static.wbstatic.net/i/blank.gif
MSI :  ,(57 476 сом),"Ноутбук Intel Core i3 10110U, 8 ГБ, 256 Гб, 15.6"", 1920 x 1080, Intel UHD Graphics, DOS", //static.wbstatic.net/i/blank.gif
Asus :  ,(80 150 сом),"Ноутбук Intel Core i3 1115G4, 8 ГБ, 256 Гб, 13.3'', 1920 x 1080, Intel UHD Graphics, Windows 10 Home", //static.wbstatic.net/i/blank.gif
MSI :  ,(116 108 сом),"Ноутбук Intel Core i7 1165G7, 16 ГБ, 512 Гб, 15.6"", 1920 x 1080, NVIDIA GeForce MX450, Windows 10", //static.wbstatic.net/i/blank.gif
MSI :  ,(101 450 сом),"Ноутбук Intel Core i5 1135G7, 8 ГБ, 512 Гб, 15.6"", 1920 x 1080, NVIDIA GeForce MX450, Windows 10", //static.wbstatic.net/i/blank.gif
MSI :  ,(110 039 сом),"Ноутбук Intel Core i7 1165G7, 8 ГБ, 512 Гб, 15.6"", 1920 x 1080, NVIDIA GeForce MX450, Windows 10", //static.wbstatic.net/i/blank.gif
MSI :  ,(110 039 сом),"Ноутбук Intel Core i7 1165G7, 8 ГБ, 512 Гб, 15.6"", 1920 x 1080, NVIDIA GeForce MX450, Windows 10", //static.wbstatic.net/i/blank.gif
MSI :  ,(101 450 сом),"Ноутбук Intel Core i5 1135G7, 8 ГБ, 512 Гб, 15.6"", 1920 x 1080, NVIDIA GeForce MX450, Windows 10", //static.wbstatic.net/i/blank.gif
MSI :  ,(177 260 сом),"Ноутбук Intel Core i7 1185G7, 16 ГБ, 1024 Гб, 13.4'', 1920x1200 WUXGA, Intel Iris Xe Graphics, Windows 10", //static.wbstatic.net/i/blank.gif
MSI :  ,(158 938 сом),"Ноутбук Intel Core i5 1135G7, 16 ГБ, 512 Гб, 13.4'', 1920x1200 WUXGA, Intel Iris Xe Graphics, Windows 10", //static.wbstatic.net/i/blank.gif
Asus :  ,(46 319 сом),"Ноутбук Intel Pentium Gold, 8 GB, 256 Гб, 14"", 1920 x 1080, Windows 10 Home", //static.wbstatic.net/i/blank.gif
Asus :  ,(38 017 сом),"Ноутбук Intel Pentium Silver, 4 GB, 256 Гб, 15.6 "", 1366x768, Windows 10 Home", //static.wbstatic.net/i/blank.gif
lenovo :  ,(37 779 сом),"Ноутбук 8 ГБ, 1024, 15.6, 1920x1080 Full HD, AMD Radeon Vega 3", //static.wbstatic.net/i/blank.gif
lenovo :  ,(33 427 сом),"Ноутбук 4 ГБ, 15.6, 1920x1080 Full HD, AMD Radeon Vega 3", //static.wbstatic.net/i/blank.gif
lenovo :  ,(37 092 сом),"Ноутбук 4 ГБ, 256, 15.6, 1920x1080 Full HD, AMD Radeon Vega 3", //static.wbstatic.net/i/blank.gif
lenovo :  ,(35 946 сом),"Ноутбук 4 ГБ, 500, 15.6, 1920x1080 Full HD, AMD Radeon Vega 3", //static.wbstatic.net/i/blank.gif
lenovo :  ,(60 109 сом),"Ноутбук 4 ГБ, 256, 14, 1920x1080 Full HD, Intel UHD Graphics", //static.wbstatic.net/i/blank.gif
Dell :  ,(93 434 сом),"Ноутбук 8 ГБ, 512, 15.6, 1920x1080 Full HD, Windows 10 Home", //static.wbstatic.net/i/blank.gif
Asus :  ,(57 934 сом),"Ноутбук Intel Core i3-1005G1 (1.2 ГГц), 8 ГБ, 256, 17.3, 1600x900 HD+, Intel UHD Graphics, Windows 10 Home", //static.wbstatic.net/i/blank.gif
Asus :  ,(67 897 сом),"Ноутбук Intel Core i3-1005G1 (1.2 ГГц), 8 ГБ, 512, 17.3, 1600x900 HD+, Intel UHD Graphics, Без системы", //static.wbstatic.net/i/blank.gif
Dell :  ,(108 665 сом),"Ноутбук 8 ГБ, 256, 15.6, 1920x1080 Full HD, Windows 10 Home", //static.wbstatic.net/i/blank.gif
Acer :  ,(65 148 сом),"Ноутбук 8 ГБ, 512, 15.6, 1920x1080 Full HD, Intel Iris Plus Graphics", //static.wbstatic.net/i/blank.gif
Acer :  ,(45 451 сом),"Ноутбук Intel Core i3-1005G1 (1.2 ГГц), 4 ГБ, 1000, 15.6, 1920x1080 Full HD, Intel UHD Graphics, Windows 10 Home", //static.wbstatic.net/i/blank.gif
Acer :  ,(48 887 сом),"Ноутбук Intel Core i5-1035G1 (1.0 ГГц), 4 ГБ, 256, 15.6, 1920x1080 Full HD, Intel UHD Graphics, Без системы", //static.wbstatic.net/i/blank.gif
Acer :  ,(74 768 сом),"Ноутбук Intel Core i7-1065G7 (1.3 ГГц), 8 ГБ, 512, 15.6, 1920x1080 Full HD, Intel Iris Plus Graphics, Windows 10 Home", //static.wbstatic.net/i/blank.gif
Acer :  ,(67 782 сом),"Ноутбук Intel Core i7-1065G7 (1.3 ГГц), 8 ГБ, 1000, 256, 15.6, 1920x1080 Full HD, Intel Iris Plus Graphics, Без системы", //static.wbstatic.net/i/blank.gif
Acer :  ,(77 974 сом),"Ноутбук Intel Core i7-1065G7 (1.3 ГГц), 8 ГБ, 1024, 256, 15.6, 1920x1080 Full HD, Intel Iris Plus Graphics, Windows 10 Home", //static.wbstatic.net/i/blank.gif
Acer :  ,(75 569 сом),"Ноутбук Intel Core i7-1065G7 (1.3 ГГц), 12 ГБ, 1024, 15.6, 1920x1080 Full HD, Intel Iris Plus Graphics, Без системы", //static.wbstatic.net/i/blank.gif
Acer :  ,(77 516 сом),"Ноутбук 12 ГБ, 512, 15.6, 1920x1080 Full HD, Intel Iris Plus Graphics, Windows 10 Home", //static.wbstatic.net/i/blank.gif
Acer :  ,(68 011 сом),"Ноутбук Intel Core i7-1065G7 (1.3 ГГц), 12 ГБ, 512, 15.6, 1920x1080 Full HD, Intel Iris Plus Graphics, Без системы", //static.wbstatic.net/i/blank.gif
Dell :  ,(51 063 сом),"Ноутбук Intel Core i3-1005G1 (1.2 ГГц), 8 ГБ, 1024, 14, 1920x1080 Full HD, Intel UHD Graphics, Windows 10 Home", //static.wbstatic.net/i/blank.gif
Acer :  ,(65 148 сом),"Ноутбук AMD Ryzen 3 3250U (2.6 ГГц), 8 ГБ, 512, 15.6, 1920x1080 Full HD, AMD Radeon Graphics, Windows 10 Pro", //static.wbstatic.net/i/blank.gif
Acer :  ,(107 176 сом),"Ноутбук Intel Core i5-1135G7 (2.4 ГГц), 8 ГБ, 512, 15.6, 1920x1080 Full HD, Intel Iris Xe Graphics, Windows 10 Pro", //static.wbstatic.net/i/blank.gif
Acer :  ,(62 171 сом),"Ноутбук 8 ГБ, 256, 15.6, 1920x1080 Full HD, AMD Radeon Graphics, Windows 10 Pro", //static.wbstatic.net/i/blank.gif
Dell :  ,(54 727 сом),"Ноутбук Intel Core i3-1005G1 (1.2 ГГц), 8 ГБ, 256, 14, 1920x1080 Full HD, Intel UHD Graphics, Windows 10 Home", //static.wbstatic.net/i/blank.gif
Acer :  ,(66 064 сом),"Ноутбук Intel Core i3-1005G1 (1.2 ГГц), 8 ГБ, 256, 15.6, 1920x1080 Full HD, Intel UHD Graphics, Windows 10 Pro", //static.wbstatic.net/i/blank.gif
Acer :  ,(86 677 сом),"Ноутбук 8 ГБ, 256, 15.6, 1920x1080 Full HD, Intel Iris Plus Graphics, Windows 10 Pro", //static.wbstatic.net/i/blank.gif
Acer :  ,(80 035 сом),"Ноутбук 8 ГБ, 512, 14, 1920x1080 Full HD", //static.wbstatic.net/i/blank.gif
Acer :  ,(85 647 сом),"Ноутбук 8 ГБ, 512, 14, 1920x1080 Full HD, Windows 10 Home", //static.wbstatic.net/i/blank.gif
Dell :  ,(61 713 сом),"Ноутбук 8 ГБ, 1024, 14, 1920x1080 Full HD, Intel Iris Xe Graphics, Windows 10 Home", //static.wbstatic.net/i/blank.gif
Dell :  ,(64 347 сом),"Ноутбук 8 ГБ, 1024, 14, 1920x1080 Full HD, Intel Iris Xe Graphics, Windows 10 Home", //static.wbstatic.net/i/blank.gif
Dell :  ,(66 866 сом),"Ноутбук 8 ГБ, 256, 14, 1920x1080 Full HD, Intel Iris Xe Graphics, Windows 10 Home", //static.wbstatic.net/i/blank.gif
Asus :  ,(57 819 сом),"Ноутбук AMD Ryzen 5 5500U (2.1 ГГц), 4 ГБ, 256, 14, 1920x1080 Full HD, AMD Radeon Graphics, Windows 10 Home", //static.wbstatic.net/i/blank.gif
Asus :  ,(81 753 сом),"Ноутбук Intel Core i5-1135G7 (2.4 ГГц), 16 ГБ, 512, 15.6, 1920x1080 Full HD, Intel Iris Xe Graphics, Без системы", //static.wbstatic.net/i/blank.gif
lenovo :  ,(48 314 сом),"Ноутбук Intel Pentium Gold 7505 (2.0 ГГц), 8 ГБ, 256, 14, 1920x1080 Full HD, Intel UHD Graphics, Windows 10 Home", //static.wbstatic.net/i/blank.gif
lenovo :  ,(115 879 сом),"Ноутбук Intel Core i5-1135G7 (2.4 ГГц), 8 ГБ, 512, 15.6, 1920x1080 Full HD, Intel Iris Xe Graphics, Windows 10 Home", //static.wbstatic.net/i/blank.gif
lenovo :  ,(115 879 сом),"Ноутбук 8 ГБ, 512, 15.6, 1920x1080 Full HD, Intel Iris Xe Graphics, Windows 10 Home", //static.wbstatic.net/i/blank.gif
Dell :  ,(55 185 сом),"Ноутбук Intel Core i3-1115G4 (3.0 ГГц), 4 ГБ, 1024, 14, 1920x1080 Full HD, Intel UHD Graphics, Windows 10 Home", //static.wbstatic.net/i/blank.gif
Dell :  ,(43 504 сом),"Ноутбук Intel Core i3-1115G4 (3.0 ГГц), 4 ГБ, 256, 15.6, 1366x768 HD, Intel UHD Graphics, Linux", //static.wbstatic.net/i/blank.gif
Dell :  ,(50 146 сом),"Ноутбук 4 ГБ, 256, 15.6, 1366x768 HD, Intel UHD Graphics, Windows 10 Home", //static.wbstatic.net/i/blank.gif
Dell :  ,(61 140 сом),"Ноутбук 8 ГБ, 256, 14, 1920x1080 Full HD, Linux", //static.wbstatic.net/i/blank.gif
Dell :  ,(84 502 сом),"Ноутбук 8 ГБ, 512, 14, 1920x1080 Full HD, Windows 10 Home", //static.wbstatic.net/i/blank.gif
Asus :  ,(79 234 сом),"Ноутбук Intel Core i3-1115G4 (3.0 ГГц), 8 ГБ, 256, 1920x1080 Full HD, Intel Iris Plus Graphics, Windows 10 Home", //static.wbstatic.net/i/blank.gif
Asus :  ,(46 024 сом),"Ноутбук Intel Pentium Gold 6805 (1.1 ГГц), 8 ГБ, 256, 14, 1920x1080 Full HD, NVIDIA GeForce MX130 (2 Гб), Windows 10 Home", //static.wbstatic.net/i/blank.gif
Asus :  ,(37 664 сом),"Ноутбук Intel Pentium Gold 6805 (1.1 ГГц), 4 ГБ, 128, 15.6, 1280x720, NVIDIA GeForce MX130 (2 Гб), Windows 10 Home", //static.wbstatic.net/i/blank.gif
Asus :  ,(41 443 сом),"Ноутбук 4 ГБ, 256, 15.6, 1366x768 HD, Intel UHD Graphics 605, Windows 10 Home", //static.wbstatic.net/i/blank.gif
Asus :  ,(42 703 сом),"Ноутбук 4 ГБ, 14, 1920x1080 Full HD, Intel UHD Graphics 600, Windows 10 Home", //static.wbstatic.net/i/blank.gif
Asus :  ,(65 835 сом),"Ноутбук AMD Ryzen 5 4500U (2.3 ГГц), 8 ГБ, 256, 15.6, 1920x1080 Full HD, AMD Radeon Graphics, Windows 10 Home", //static.wbstatic.net/i/blank.gif
Acer :  ,(79 005 сом),"Ноутбук Intel Core i7-1065G7 (1.3 ГГц), 8 ГБ, 512, 15.6, 1920x1080 Full HD, NVIDIA GeForce MX330 (2 Гб), Windows 10 Home", //static.wbstatic.net/i/blank.gif
DIGMA :  ,(17 280 сом),"Ноутбук 2 ГБ, 64, 10.1, 1920x1200, Intel HD Graphics 500, Windows 10 Home", //static.wbstatic.net/i/blank.gif
Asus :  ,(43 963 сом),"Ноутбук 4 ГБ, 256, 15.6, 1366x768 HD, Windows 10 Home", //static.wbstatic.net/i/blank.gif
Dell :  ,(52 551 сом),"Ноутбук 8 ГБ, 14, 1920x1080 Full HD, Intel Iris Xe Graphics, Linux", //static.wbstatic.net/i/blank.gif
DIGMA :  ,(27 129 сом),"Ноутбук Intel Celeron N3350 (1.1 ГГц), 4 ГБ, 64, 15.6, 1920x1080 Full HD, Intel HD Graphics 500, Windows 10 Home", //static.wbstatic.net/i/blank.gif
Asus :  ,(61 598 сом),"Ноутбук Intel Core i5-1035G1 (1.0 ГГц), 8 ГБ, 512, 14, 1920x1080 Full HD, NVIDIA GeForce MX350 (2 ГБ), Без системы", //static.wbstatic.net/i/blank.gif
DIGMA :  ,(22 777 сом),"Ноутбук 4 ГБ, 1920x1080 Full HD, Intel HD Graphics 500, Windows 10 Home", //static.wbstatic.net/i/blank.gif
DIGMA :  ,(20 487 сом),"Ноутбук 4 ГБ, 64, 11, 1920x1080 Full HD, Intel HD Graphics 500, Windows 10 Home", //static.wbstatic.net/i/blank.gif
Dell :  ,(112 100 сом),"Ноутбук 8 ГБ, 512, 15.6, 1920x1080 Full HD, Windows 10 Home", //static.wbstatic.net/i/blank.gif
Dell :  ,(89 426 сом),"Ноутбук 8 ГБ, 256, 15.6, 1920x1080 Full HD, Windows 10 Home", //static.wbstatic.net/i/blank.gif
Dell :  ,(112 902 сом),"Ноутбук Intel Core i7-10750H (2.6 ГГц), 8 ГБ, 512, 15.6, 1920x1080 Full HD, NVIDIA GeForce GTX 1650 (4 Гб), Windows 10 Home", //static.wbstatic.net/i/blank.gif
lenovo :  ,(72 592 сом),"Ноутбук 8 ГБ, 256, 15.6, 1920x1080 Full HD, Intel UHD Graphics, Windows 10 Pro", //static.wbstatic.net/i/blank.gif
Dell :  ,(102 413 сом),"Ноутбук Intel Core i5 10210U, 8 ГБ, 256 Гб, 13.3'', 1920x1080, Intel UHD Graphics, Windows", //static.wbstatic.net/i/blank.gif
Honor :  ,(85 876 сом),"Ноутбук AMD Ryzen 5 4600H, 16 ГБ, 512 Гб, 16.1"", 1920x1080, AMD Radeon Graphics, Windows", //static.wbstatic.net/i/blank.gif
lenovo :  ,(44 203 сом),"Ноутбук AMD Ryzen 5 3500U, 4, 256 Гб, 15.6"", 1920x1080, AMD Radeon Vega 8", //static.wbstatic.net/i/blank.gif
lenovo :  ,(89 197 сом),"Ноутбук Intel Core i5-1035G4, 8, 256 Гб, 14"", 1920x1080, Intel Iris Plus Graphics, Windows 10 Home", //static.wbstatic.net/i/blank.gif
lenovo :  ,(52 093 сом),"Ноутбук Intel Core i3-1005G1, 8, 512 Гб, 14"", 1920x1080, Intel UHD Graphics",//images.wbstatic.net/c246x328/new/24610000/24617616-1.jpg
Echips :  ,(41 830 сом),"Ноутбук 8, 15.6'', 1920х1080, Intel UHD Graphics 600, Windows 10 Pro",//images.wbstatic.net/c246x328/new/31980000/31987589-1.jpg
Xiaomi Mi :  ,(123 895 сом),"Ноутбук 16 ГБ, 1024 Гб, 15.6'', 1920x1080, NVIDIA GeForce GTX 1660Ti, Windows 10 Home",//images.wbstatic.net/c246x328/new/18310000/18310403-1.jpg
